name,favorite_duration,favorite_genres,age,user_id
Jessica Jackson,164,"Fantasy,Horror",35,1fe42abd-a4a0-4912-b8d7-b31468eadcdc
Mark Smith,137,"Adventure,Fantasy",64,517e0d1a-6a74-4749-86cc-c7ec1c471967
Karen Garcia,105,"Thriller,Comedy,Fantasy",54,f3cef31f-4f8c-488c-98a2-aed73a270815
Lisa Harris,68,"Horror,Comedy",63,fbe7f6e8-6488-4bed-a6ca-81a07bfb1e20
Linda Williams,83,"Thriller,Horror,Drama",30,9e5db9f2-1ca3-4126-b3e7-4c017659ea3b
Christopher Martin,149,"Adventure,Comedy,Fantasy",55,a0c15511-1617-4a2d-86e7-64924f86dcdf
Thomas Wilson,171,"Romance,Horror,Sci-Fi",35,4a40e832-b7e7-4e46-9933-ee45e8a96f43
Mary Martin,75,"Adventure,Action",33,05c5748c-1cf3-4890-9a51-7f7ccfd5a477
William Ramirez,72,"Adventure,Thriller,Mystery",24,17f1380e-e8c2-4048-bf66-786ad19f7c38
Linda Brown,114,"Fantasy,Adventure,Drama",58,6c50c70a-6b51-4f85-ab4f-bc3bfdf4490b
Christopher Martinez,124,"Drama,Horror",18,6f799926-3ff1-4217-a2f8-27c3e91f2980
Elizabeth Gonzalez,120,"Romance,Mystery",45,6a08d592-177a-47c2-be29-bf2619188e68
Anthony Jackson,172,"Action,Adventure,Horror",34,cbd92f90-6e2d-4441-b2b9-d9ba9942edd5
Matthew Martinez,77,"Comedy,Drama",62,7ad35564-290d-4200-adac-ad5897e1db28
Jessica Lopez,60,"Horror,Action",30,c27e279f-093c-4d00-8b3d-fd874cbe9398
Sandra Anderson,80,"Romance,Adventure,Horror",34,1e1adbcc-b48c-41b0-8901-467eacffc5ef
Jennifer Hernandez,121,"Mystery,Romance,Thriller",26,ad126741-b53f-472f-94b3-63a1a09226b1
Joseph Sanchez,62,"Mystery,Thriller,Drama",34,0ed4447a-b6b0-4aea-89da-d828200c090a
Joseph Thompson,176,"Thriller,Romance",32,a01e1163-c909-4a63-8b66-4d1d0913858a
Susan Lee,129,"Mystery,Adventure",41,08b277f0-d25f-4f44-9b49-e3cf28251ffc
Elizabeth Hernandez,176,"Romance,Adventure",20,cbc0efe0-f723-4325-a69f-c71c2c0f677b
William Hernandez,101,"Thriller,Comedy,Fantasy",53,20885fe3-482a-40a4-be84-4bce8e54473d
William Thomas,83,"Adventure,Fantasy,Drama",50,9dd9dfa2-6501-4bbb-8caa-44af59a7a132
Jessica Martin,158,"Horror,Action,Adventure",52,2bb471fe-4b27-4f00-ad75-e57c53f4f700
Sarah Gonzalez,116,"Mystery,Drama,Romance",27,9af96349-7833-4e50-a86c-4429c07b024e
Daniel Ramirez,68,"Fantasy,Thriller",37,0adfb96c-6eb1-4df4-8b12-4e501c542db2
Jennifer Perez,154,"Horror,Fantasy",23,7461d9ff-4377-4cb4-afd5-de24881c228a
Mark Harris,141,"Drama,Adventure,Horror",56,4bef7985-646b-4f53-976a-c55adad83c22
Richard Brown,66,"Fantasy,Sci-Fi",56,d884b3f9-c001-42a1-bfe3-5e58d2a3b9f6
Anthony Lewis,66,"Mystery,Adventure,Fantasy",47,cfa36593-eb49-4dec-8f20-ba10b23ba534
Betty Hernandez,85,"Adventure,Fantasy",48,be9797f0-fc38-466d-8144-277401586ae6
James Martinez,144,"Sci-Fi,Mystery",26,e6b110c0-7c3a-44a6-9ef3-4db8f473ecb1
Richard Davis,139,"Comedy,Thriller",61,39d6c4dc-de77-4c2d-97da-909b36753af9
Matthew Jones,112,"Action,Drama",50,b7d5df0c-5f9e-4743-9bfe-0bbc34eaaa94
Patricia Williams,91,"Drama,Mystery,Romance",30,65c30609-4caf-44e8-9efd-2bae8983dd8c
Anthony Johnson,87,"Adventure,Mystery",36,d87efa48-12bc-4864-9f15-86406414d70f
Daniel Thomas,62,"Romance,Drama,Fantasy",33,9ba85bfd-f58b-4987-bb90-9b99293874fa
Charles Lee,153,"Horror,Comedy",52,78de3a89-8e4a-4506-8f53-57d42f25ca2f
James Johnson,103,"Action,Drama",43,5264693c-0b48-4a71-88f6-84f3a96a28f7
Elizabeth Thompson,172,"Adventure,Action,Horror",20,4b734282-bdd8-4e4b-a0e7-7baaf710c346
Anthony Martin,157,"Adventure,Fantasy,Romance",47,bda82383-18ec-4dcd-a99d-2cf49ac403f3
Anthony Miller,105,"Fantasy,Adventure",29,70815cab-ad05-41af-826d-8fefb207da21
Robert Jackson,122,"Drama,Action",53,21168a2f-1daf-4de6-90c9-3f76ea5d0983
Richard Harris,151,"Fantasy,Horror,Thriller",44,b4b917b9-9ec5-46a5-b895-3153d7ba6235
Mary Johnson,74,"Sci-Fi,Thriller,Comedy",33,4ad8d27c-026a-4246-a9ca-56368765dc90
Matthew Jackson,178,"Fantasy,Action",58,83dae23d-36e6-4fb2-bf14-99244f206903
Lisa Harris,102,"Fantasy,Comedy,Mystery",57,d6b3a3a2-5cb2-464a-91d6-f9dd7354119f
Nancy Moore,131,"Comedy,Romance",36,d9b0ceb7-5115-4a0e-9fa4-55d0d6b7cff4
Christopher Robinson,108,"Comedy,Sci-Fi",54,13fd9dfc-aa34-41e6-a443-dbb528313462
Ashley Gonzalez,93,"Adventure,Drama,Mystery",64,cedaa542-61be-444e-84f9-60ada2fd19db
Joseph Sanchez,177,"Comedy,Action",60,248ff64b-3f9c-4945-a9a1-5a9076ade2a3
Nancy Lee,95,"Comedy,Romance,Drama",54,6620e60a-c7e1-441d-b8c0-5e8887e25a7f
Sandra Lopez,127,"Fantasy,Thriller,Sci-Fi",55,1255c4b9-1b7d-43a3-aaf4-dc9fe23aee33
William Taylor,102,"Adventure,Romance",41,ccbb8d06-6251-4882-82d4-ad7f3256535e
Sandra Martinez,97,"Romance,Mystery",54,bee464fa-6140-4651-b445-d2c77412384a
David White,116,"Drama,Sci-Fi,Action",55,342d6feb-bbae-47a8-9332-687f010e6f02
Robert Jackson,103,"Drama,Mystery,Adventure",45,17014295-c10d-45c5-97a9-e87256963dd8
Jennifer Martinez,73,"Horror,Adventure",40,396d1900-1adb-4bc3-a1ee-ac02d7d0b0cf
Richard Hernandez,134,"Mystery,Horror",59,ac4282e3-5af1-4577-8f75-9bc7e3524cf1
Thomas Brown,122,"Comedy,Horror,Drama",57,54dcc27c-801c-42da-a343-6b766c832eb8
William Brown,146,"Sci-Fi,Romance",56,7bfa27d5-9d88-4ec7-93cb-17caf96e5eac
Charles Robinson,119,"Fantasy,Comedy",55,88fc3bc5-a13d-4c8f-8798-c9c857ed2658
Karen White,92,"Thriller,Drama,Action",33,8b1508e8-1ffc-4951-baf9-4be2c43150c6
David White,114,"Action,Drama",33,92a4bd1c-9eaa-411a-8d20-6cb0094dac5b
Ashley Rodriguez,176,"Fantasy,Romance",36,66d8679e-4483-47a7-a861-379d85c07b0d
Mark Sanchez,71,"Sci-Fi,Thriller,Romance",22,00bc4b2b-8095-4b93-9134-851b097a43ca
David Sanchez,115,"Comedy,Romance,Adventure",35,d91b7d76-2993-4c98-9a52-452f04216eaf
Sarah Gonzalez,118,"Drama,Horror,Comedy",63,68725991-fe59-4523-b66d-2cf99c7cc7c7
Sandra Lee,103,"Action,Drama",60,79408c7a-e774-4a3d-90a6-659cc0ebc733
Ashley Johnson,143,"Action,Sci-Fi",44,75c96d2d-f9bf-42bb-ae82-a0c92d487788
Karen Lee,122,"Comedy,Thriller",42,df69e02a-204c-4b1a-aecf-612cea419f9b
Jessica Robinson,162,"Thriller,Adventure,Drama",52,7ce1b4ba-87ec-4146-9051-6596c34b7bea
Richard Smith,70,"Drama,Comedy",19,32a1b417-43d1-4b82-828e-6efd0cdf7bc2
Joseph Jackson,180,"Adventure,Action,Drama",36,95d2c133-d00f-4ad6-a87f-e8564cf3b54f
Sandra Williams,176,"Drama,Mystery,Horror",49,340631c3-d276-4703-b2d2-216606c89640
Thomas Hernandez,121,"Drama,Adventure,Action",25,314e6016-4db7-4074-bc50-6630d18bca99
Jennifer Martinez,68,"Adventure,Romance",56,3f1f4a3c-4314-4112-9aa5-b43b6d2ac0d0
Elizabeth Robinson,127,"Action,Drama",64,0f99f6ad-487e-4641-b7a9-081912bbd6ae
Michael Robinson,84,"Adventure,Fantasy,Comedy",56,378ed466-1637-4143-944a-627c291aa892
David Ramirez,175,"Mystery,Comedy,Adventure",28,1f6507b7-61b9-4850-8b6e-d9eb55ae2287
Susan Clark,150,"Adventure,Sci-Fi,Comedy",59,4960f056-ee8e-48ad-be89-6acd51a8e32d
Charles Rodriguez,149,"Adventure,Thriller",20,887a7643-0f13-4b4c-be00-1ff0d322c489
Sarah Moore,178,"Adventure,Sci-Fi",59,0501e201-ba68-492e-ade4-121812ac3f9d
Karen Rodriguez,164,"Drama,Adventure,Comedy",59,fb7123dc-5a91-4454-b12b-f1dbad169c6f
Karen Rodriguez,130,"Mystery,Drama,Adventure",35,f4bbe18c-1494-4b03-a37f-f791948b844c
Karen Garcia,73,"Fantasy,Horror,Romance",65,c60e1c9d-37cf-4697-99a2-e62dd3f9f20c
Linda Clark,111,"Sci-Fi,Drama,Action",28,ed72c37e-fef7-42a7-a3d7-8d94a64ffee4
Barbara Moore,83,"Comedy,Action",49,d2c66e42-09ad-49a0-bede-af0c6988f4e8
David Moore,86,"Romance,Mystery",64,f7f30507-761c-4140-a3de-33f82954d900
William Johnson,158,"Thriller,Drama",24,e2645f32-d0fe-4126-828a-44c1cb70f3f4
Mary Harris,164,"Adventure,Mystery,Comedy",58,6a1e4606-2fb8-4971-9b9c-bbf2a09f6a07
Linda Sanchez,61,"Comedy,Adventure,Action",33,2e3819d0-11eb-4e5a-a413-7945cb6cdc60
Jessica Garcia,89,"Fantasy,Romance",59,17ee63b5-6977-4911-877b-fc3defd99258
Mary Perez,64,"Adventure,Action,Drama",57,f2234c0d-42da-44af-b427-01c12fbda5c2
Barbara Thompson,92,"Action,Thriller",19,8812e348-8820-4818-abba-ceb745ec94d6
Patricia Anderson,109,"Thriller,Action,Comedy",38,6bcad3ec-b64d-43f0-bd50-efd38d55e132
Thomas Anderson,86,"Romance,Sci-Fi,Horror",32,246c0474-5b19-4f62-9ff4-cb2d470cdf28
Daniel Jackson,89,"Thriller,Comedy,Fantasy",30,08816ef1-e851-4393-ba93-b389431472df
Jennifer Martin,130,"Mystery,Romance,Thriller",31,0ca85839-fa51-4c4a-b83d-408b3de55037
Betty Taylor,174,"Romance,Thriller",21,5a145c86-a02d-4c34-9d10-1d0acc03d097
Jessica Thompson,180,"Action,Comedy",33,e5ccfd02-bd6e-470b-b6cb-b68671d2b6d3
Patricia Lee,100,"Thriller,Romance,Action",49,649e708c-0a08-4401-8f3b-22b771e4ccba
Daniel Thompson,61,"Action,Fantasy",27,365161b5-31fa-4a9b-b4a3-deee3d045eb2
James Jackson,124,"Action,Mystery",25,9d5f7481-1ca9-4823-8440-ceed03095abb
Anthony Moore,131,"Fantasy,Action",42,aa9fcc8e-fa47-46d8-a046-7a259699af7b
Lisa Lopez,157,"Sci-Fi,Adventure",18,c89a03bb-6d8f-4eeb-af59-f0cc7b9097a7
Jessica Davis,141,"Fantasy,Action",60,e7a00629-587b-43a0-822b-ba00fe708ea5
Richard Martin,130,"Thriller,Sci-Fi",31,0a28d154-4289-469c-a9c4-0ef40ba96ee9
Richard Davis,150,"Sci-Fi,Thriller",40,ffd51ffa-32a1-4680-b41c-2c502519eb10
Elizabeth Anderson,140,"Thriller,Romance",20,ef60ac08-2bbe-463f-92c2-53e1a3b216f0
Daniel Williams,93,"Comedy,Mystery,Sci-Fi",48,ed618656-f72b-42a4-b012-d5dfebeff173
John Lopez,125,"Fantasy,Sci-Fi",57,e00561ba-7409-4d9b-af5e-a0e250fc2fd0
Jessica Davis,111,"Drama,Comedy,Thriller",57,552bded1-6544-4465-8060-77fbda554b48
Sandra Hernandez,101,"Action,Fantasy",25,c6e8f3ed-a293-4578-9eb4-897f2c13d7d1
Barbara Anderson,81,"Horror,Thriller,Mystery",55,cdd7da79-1abb-4687-b694-d8d13c3cc1ff
Anthony Anderson,165,"Drama,Comedy,Horror",53,3d135dd5-1d4d-4b57-8b2d-adec70bc31bd
Matthew Gonzalez,160,"Adventure,Fantasy",19,436bf454-56bb-4c9c-a6d5-47fca46bf095
Susan Sanchez,102,"Sci-Fi,Fantasy",49,cf9037be-7ac0-402d-b66e-178192efb73b
Ashley Johnson,149,"Sci-Fi,Adventure,Romance",52,0772e241-041d-4b3e-9896-a7db7c1417e4
William Sanchez,82,"Sci-Fi,Fantasy",59,220fa377-4097-4b32-b9c3-e72cacbea227
Daniel Jones,101,"Fantasy,Comedy,Thriller",35,992d4bda-6d40-407d-81e6-82951cf22fd7
Susan Williams,110,"Fantasy,Comedy",19,edebbaf8-de4c-4819-a24b-3ff07d8e50f8
Lisa Sanchez,129,"Mystery,Action",34,d6f1a8cd-3d96-48f7-98ea-35498ab0317f
Lisa Smith,160,"Drama,Romance,Comedy",22,5c71f442-2fb2-4422-b041-dfdfcba88722
Mary Garcia,118,"Thriller,Adventure",36,93373e24-fd84-4609-bc57-73118750cfdb
David Clark,66,"Thriller,Drama",64,f55aaeb2-a9ff-43fa-a5e6-62edf05e280a
Michael Davis,135,"Sci-Fi,Romance,Comedy",24,963e6533-d4f8-4466-b534-33e0bb0795ea
Lisa Brown,163,"Thriller,Comedy,Sci-Fi",41,abab9f71-3d3a-45f9-bc2b-2880db6d9785
John Miller,98,"Action,Thriller,Horror",29,59b58190-5f36-45f1-a40d-773d664db79b
John Brown,177,"Fantasy,Romance",64,cfccaa1c-9079-4b9c-8776-174b2eaa67ea
John Clark,96,"Thriller,Romance,Sci-Fi",52,877e1427-fd28-42f2-8992-3ccdff3de722
Anthony Johnson,90,"Action,Drama",63,8a1af9bd-d89d-4194-b534-3e2e2daf39ed
Charles Gonzalez,128,"Sci-Fi,Fantasy,Comedy",28,ad62c26c-0006-49f0-b965-5c5cdc4d9592
Matthew Lewis,82,"Romance,Horror,Mystery",23,5bf23a86-c324-4e67-8c5f-1b7e007abcd8
Charles Anderson,87,"Action,Sci-Fi,Fantasy",21,3ecd09c8-556a-4c71-af92-d2fc6ec6ddab
Karen Anderson,167,"Action,Adventure",45,1a87517e-f77c-4423-a454-115056f1ed8f
William Clark,65,"Action,Thriller,Romance",27,f6bce961-2a94-4a6b-99bd-4b7d38eee215
Mary Smith,153,"Romance,Adventure,Horror",65,3aae29d6-dc6d-464a-b943-68edb68442f2
William Martin,122,"Horror,Comedy",36,2d4f2f28-2753-403d-9cfa-8d788f0bde6c
Ashley Garcia,66,"Thriller,Horror,Adventure",44,13aedf61-3cae-4001-b9cd-b62f2d462157
John Harris,176,"Romance,Horror,Adventure",35,fe90aee8-8e01-447a-921c-4660d1e57f97
William Miller,88,"Fantasy,Comedy",27,6e1a58a9-5c65-4e0c-832d-eab891fb7ae0
Christopher Rodriguez,74,"Thriller,Adventure,Fantasy",52,72762688-7c6a-4684-8119-e10fbe8ebb14
Linda Lewis,177,"Drama,Thriller,Comedy",55,64004bb3-43e1-4a91-898e-d6f3ee6e47ac
Mary Lee,100,"Sci-Fi,Thriller,Comedy",30,62396dd8-4bfb-4fd4-9bb3-f9b3c5ea884a
Richard Johnson,132,"Drama,Fantasy",36,3392e7bc-eb5c-44a7-9e55-c280f9467f95
Richard Williams,175,"Horror,Adventure",64,4a4e0ed0-cc99-4e34-9f19-4a34662293ac
Susan Wilson,94,"Adventure,Horror",30,5b0f97f7-5644-4ee1-a940-01d059fa87b2
David Harris,163,"Fantasy,Mystery",65,eeb444a5-d9da-4168-92a9-721b173006f9
Linda Martin,161,"Comedy,Thriller,Romance",24,989976c3-3bd1-4b5a-8de9-e67e8c799b72
Jennifer Moore,93,"Comedy,Adventure,Fantasy",57,7a6640c9-1918-42d9-af07-e3d26df5d815
Robert Hernandez,107,"Action,Mystery",25,db0f52c1-776a-4145-8edf-0f7e62b6c86c
Lisa Lee,62,"Horror,Romance",19,d18b512b-ea90-4948-a263-7e1a6f3f066d
Sarah Garcia,80,"Mystery,Action",24,f68655ff-0efb-4300-9b06-3d8e772c7e2c
Michael Martinez,176,"Adventure,Drama,Sci-Fi",59,9e4af35a-5a93-4030-848f-8c5a1cf2e1f6
Lisa Garcia,67,"Mystery,Thriller,Comedy",20,737daca1-36f6-46ae-8195-583b1949f1b5
Jessica Taylor,122,"Thriller,Sci-Fi",26,de731171-3f36-4b6a-af7c-67cea140cd70
John Robinson,98,"Sci-Fi,Romance,Drama",55,4e50e52c-678e-4756-a94c-5ec3e1a62f0b
Mary Brown,120,"Thriller,Drama,Comedy",57,3cf2d557-7d99-40fa-87e7-5cce5ade1ff0
William Thomas,151,"Mystery,Drama,Action",43,2f43ef62-cc6e-4cc6-988d-0ad99afc2043
Robert Garcia,141,"Adventure,Comedy,Mystery",20,c2c29654-5612-46ad-b115-c9efe9fa0c0d
Lisa Rodriguez,136,"Fantasy,Adventure",53,bf08fda4-e032-4547-b449-822ab4b2aef3
Betty Thomas,111,"Romance,Drama",45,395f95f0-13f5-444d-ae16-0166c210ea0e
Susan Wilson,72,"Drama,Romance",63,c98b475c-a285-4a98-a319-637e2ea0e594
Sarah Brown,179,"Adventure,Horror,Comedy",33,7e807f94-45e3-43e0-ab2c-6947a7ac7c52
Sandra Lopez,135,"Sci-Fi,Action,Adventure",59,9caaceb2-954e-4324-8340-7b8df98eac63
Charles Wilson,104,"Adventure,Sci-Fi",37,98d583f0-b9a1-4cfc-8962-cd97d9261fbb
Michael Davis,127,"Romance,Horror,Fantasy",65,426ac56a-1558-4723-8639-ce35c7db3239
Mary Miller,121,"Comedy,Mystery,Drama",22,96779e7b-32cf-4665-8d47-8f8dd32a4ad2
Robert Johnson,88,"Thriller,Sci-Fi,Fantasy",53,c9b0c696-04d4-4072-9b3e-c42456fb9023
Karen Gonzalez,77,"Fantasy,Adventure",52,c331a754-559c-4533-9d39-0bed937d43b0
Nancy Taylor,163,"Fantasy,Comedy",65,5880bfa1-5d51-45b2-8264-da66605bd38e
Sarah Miller,112,"Mystery,Adventure,Sci-Fi",33,a1c90640-5c7d-4c39-8693-e4ebea73c3b7
Thomas Clark,105,"Drama,Thriller,Romance",41,b1c00796-2386-4e84-bdfd-7923b1afd29e
Daniel Williams,141,"Adventure,Fantasy",39,10fbf683-8b81-4dbc-a272-c5855248dea4
Robert Gonzalez,147,"Adventure,Romance,Mystery",36,50f4cf97-ab2d-43b2-9537-97c904f2502b
Thomas Rodriguez,65,"Sci-Fi,Thriller",34,bf926b4b-be96-4f0b-a1ad-54ebe0adee65
Anthony Johnson,138,"Action,Comedy",59,3028ebd5-1820-456e-928d-4985b45a8c7c
Sarah Jackson,92,"Action,Drama,Comedy",62,25d28f7c-322d-44e4-b359-bd1a7251137c
Richard Robinson,156,"Action,Comedy",20,94af58b8-4641-4100-96b1-7f0fac05cad1
Nancy Wilson,61,"Fantasy,Adventure",57,2361d9c5-7a1e-4870-8634-4daa4e5b4dcc
Anthony Lee,60,"Adventure,Horror",51,8d495f2e-c1ad-4bba-bd8a-78d9de5cbdfd
Jennifer White,146,"Thriller,Comedy,Drama",65,0688313b-4b4c-4bc0-a677-dcb48c7aa877
Patricia Martin,109,"Romance,Fantasy,Sci-Fi",61,0485a9fe-cdb0-4fd6-9b3f-3a490660e812
Joseph Jackson,175,"Drama,Sci-Fi,Romance",22,ea52828e-6bd2-4116-ab21-726f706b7958
Matthew Johnson,143,"Adventure,Sci-Fi",48,4cfb6f53-dd1c-4c59-ab50-485fd8c65b37
Sarah Rodriguez,167,"Drama,Action",60,20e7a0c4-b5c8-4349-9604-740390bafe8f
Joseph Gonzalez,78,"Thriller,Romance",30,04c32d7d-ba61-47d6-8c24-d1bbcd6d56af
Ashley Wilson,109,"Adventure,Mystery",43,3f1beeb2-2ef2-4903-9eac-e8697002a260
Linda White,122,"Mystery,Adventure",44,84fb82d8-7c0a-4f2e-bedc-95e2efa988e3
Matthew Brown,136,"Action,Romance,Comedy",61,fe207e13-2892-489b-9e99-afa8eaea6404
Charles Garcia,158,"Sci-Fi,Drama,Comedy",49,b93a9c8d-1679-4790-8bf3-29a456b868be
Betty Lee,161,"Horror,Fantasy,Drama",22,9e8a173a-ba08-42c6-b89c-d2f80cf120c7
Patricia Ramirez,150,"Horror,Romance,Action",54,f11f4a21-c249-487b-a345-0e5f857e3033
Lisa Garcia,164,"Romance,Mystery",59,69e877db-4ee6-4e2b-85fc-cf9666e7cfd5
Jennifer Clark,151,"Adventure,Action,Thriller",61,0ec0feea-4723-4cea-b73f-477a7ba906f4
Mark Gonzalez,103,"Thriller,Fantasy",37,cd997398-8de0-48c4-80b7-9187d3deeeae
David Lewis,135,"Fantasy,Action",64,59a0d915-4741-4eee-85e4-576aa86af03d
Robert Anderson,164,"Mystery,Thriller",48,8a049a97-0a64-4751-8281-6d4250ff4d17
Jessica Ramirez,81,"Mystery,Action,Sci-Fi",32,3f8d6826-eb95-4ab4-b414-0f716519c9e7
James Davis,130,"Drama,Adventure,Sci-Fi",23,13ce3119-0c41-42a3-8b29-4a6b4a8bee8e
Jessica Smith,139,"Comedy,Fantasy,Mystery",40,45b0f59f-24b5-47e4-82e8-bd5ffd6e7c62
Michael Hernandez,163,"Comedy,Sci-Fi",36,8ca2cd2f-b481-42a2-83e1-c415b839edc9
Sarah Martin,97,"Horror,Fantasy,Action",50,3cde8e2f-cff6-4d99-8472-379f87068867
William Williams,155,"Sci-Fi,Thriller",33,bf0ff97b-d90d-4958-a3c0-5b87fb369130
William Lopez,115,"Fantasy,Horror,Mystery",28,a9cdb3cb-9675-4814-bdad-f9e1006f1e71
John Brown,147,"Action,Mystery,Thriller",29,b68e012f-41a8-4d7f-b638-576883be959a
John Taylor,130,"Drama,Fantasy,Thriller",18,65d8a6d9-a103-4f15-b12f-84c2b9e2312d
Nancy Anderson,170,"Mystery,Comedy",47,07327eab-5482-4669-aa68-29699ffe3845
Sandra Harris,84,"Drama,Mystery",23,94986ad5-7ba2-420c-b6e4-8bb07383ddae
James Davis,87,"Comedy,Adventure,Thriller",30,204bb1d6-df2f-46a6-8905-8381351bbdff
Betty Taylor,62,"Adventure,Drama,Sci-Fi",47,b924440a-10e8-4f67-9053-20ac2c40e653
Sandra Rodriguez,155,"Drama,Romance",61,df972f26-fcd4-4a5b-ab1e-dc38d7fed2c5
Linda Brown,69,"Thriller,Adventure,Comedy",55,317378a6-4aed-40f0-8c72-8a12be18866f
Charles Robinson,123,"Sci-Fi,Fantasy,Comedy",44,a9214c3b-2ef1-4698-9f06-cceddd6d8309
Karen Gonzalez,88,"Sci-Fi,Action,Adventure",39,e80c54b8-a832-4c8b-8b2b-db9bdba47c81
Ashley Lopez,66,"Sci-Fi,Thriller,Comedy",25,8e5dc411-6e40-4bd4-b6da-7ae4f0fa21d1
Barbara Jones,67,"Action,Mystery,Thriller",55,e1e01d23-691d-4179-b9b6-134f74421e74
Sandra Harris,146,"Thriller,Sci-Fi",59,a0e7eb35-0a0f-46b3-b4e0-6eee798a1e70
Patricia Perez,149,"Fantasy,Drama",52,dcce9950-2c58-480d-ba64-31f6a7883c34
Sarah Rodriguez,126,"Drama,Sci-Fi",32,64dcdb5c-11ef-4430-8091-5a3f32a561dd
Betty Garcia,134,"Comedy,Drama,Sci-Fi",57,b92d45e0-980e-4e7a-b211-cb85f5ebd480
Linda Hernandez,162,"Action,Drama",20,7b313e27-f9d6-4566-959b-516d6679c810
Joseph Ramirez,94,"Comedy,Drama",20,a71590f7-2b5b-46ff-bf29-6eeaeb9cd362
Charles Sanchez,176,"Mystery,Action,Horror",39,f99133a7-9d34-4a80-ba68-2d53ec90d636
Christopher Jones,79,"Horror,Drama,Mystery",23,2f15d16c-e80a-4bfc-b7c0-b086c2191057
Mark Rodriguez,102,"Thriller,Adventure,Comedy",64,b7590c25-bd19-4a8e-8be8-9a5fbb1f2a55
Christopher Sanchez,83,"Romance,Fantasy,Sci-Fi",62,9f95c693-1f35-43f6-b6e4-099610f09605
David Martin,144,"Thriller,Drama",18,709edcd5-945c-47fb-917e-0b6ef4e464d7
Lisa White,73,"Thriller,Comedy,Mystery",29,7d5471a4-3dce-4e55-9ae8-ecc92ba65046
Mary Johnson,80,"Fantasy,Mystery",55,f42a97f6-c72d-47d6-ab7d-d49a42fcf47f
Michael Martin,111,"Mystery,Comedy",52,b4f64b05-e3e9-4a16-9b6e-b16faf126b1e
Anthony Davis,165,"Adventure,Thriller,Comedy",37,c0c6125b-e0fc-432d-8170-7dee15af09cf
Anthony Thomas,84,"Adventure,Romance,Horror",42,ec79b291-7ddd-409d-89f7-218168d69ab6
William Lee,101,"Comedy,Adventure",47,36743a52-a518-4e08-8414-8eac7ba6ca89
Patricia Davis,128,"Horror,Thriller",34,e7a3bd46-0ed6-40a6-a1a8-6c2ba95cc305
Lisa Miller,155,"Comedy,Drama,Thriller",50,73060583-22c8-4494-8945-c597bd603883
Jessica Thompson,107,"Action,Thriller,Fantasy",65,968d2e9f-3618-4d49-aa3a-dee0428f87b4
Nancy Taylor,174,"Action,Mystery,Comedy",57,4d5faaa1-cd17-4f8d-b312-806c8d09db89
Mark Martin,68,"Action,Sci-Fi,Adventure",63,ff98d1e8-c815-4f4f-9fdf-e5d28db85c2e
Jessica Smith,158,"Thriller,Horror,Drama",53,83ab1a8f-dd1f-4747-b4e6-bd2336ef7036
Sarah Smith,80,"Horror,Drama",52,a01bc0cd-5c7f-401e-8c4c-ca86b8b7c898
Linda Rodriguez,144,"Romance,Sci-Fi",47,9693847e-2edf-430b-83de-8fe83360b1c9
Charles Harris,94,"Action,Romance",24,80487705-1ff1-4c48-aeb4-947621abe367
Robert Thompson,136,"Romance,Mystery,Comedy",34,d80db3c9-5c7e-4dc8-85ba-8027ffb8db0d
Patricia Clark,148,"Sci-Fi,Comedy",42,d9c5384e-68df-4836-bb2d-38d663afc28d
Linda Martin,127,"Mystery,Adventure,Thriller",19,f978adcf-e906-429e-83be-3bced5d9692a
Barbara Martinez,177,"Thriller,Action",19,2651a2f9-b7d2-49ba-b2f9-7de77033e7fd
Patricia White,149,"Horror,Sci-Fi,Drama",63,0c20197e-3789-4180-a082-6ab096db597c
Jennifer Thomas,111,"Thriller,Romance,Comedy",26,2f45d7c5-be67-4c9c-aa2e-42ab585b8810
John Harris,134,"Horror,Thriller,Comedy",44,742209ab-dd05-41dc-b4c3-0dcaffa3064e
James Robinson,71,"Drama,Comedy",33,329575a6-31c7-442d-b015-999fb500e234
Elizabeth Johnson,84,"Fantasy,Thriller",48,ca7f42aa-5d74-48ff-a5f3-8e69b99eb70a
David Robinson,129,"Sci-Fi,Fantasy",29,d41bb034-b057-4bd9-9973-613903c79134
Robert Jones,147,"Drama,Comedy",26,3112ad6e-66c3-434f-aab5-662f9ee18c36
Karen Jackson,143,"Romance,Thriller",45,35aa12cb-31ee-424d-8e13-e3518a3f6a8c
James Anderson,161,"Horror,Action",65,681111d8-3a12-424c-9ad0-08d465bf0c19
Michael Thompson,117,"Horror,Comedy",46,328abd31-e5d7-4ff0-8780-ef125b946f85
Thomas Rodriguez,76,"Adventure,Fantasy,Romance",65,688b0ccd-4ef1-4cb3-b604-1800f6b5776c
David Gonzalez,168,"Action,Mystery",29,2fa3aace-e07e-4965-94a5-c4c7ffdfa84f
Anthony Rodriguez,143,"Thriller,Drama,Comedy",21,f3801b12-ad7e-412a-8dff-e3316451f497
Robert Ramirez,105,"Sci-Fi,Fantasy,Romance",19,9cabae40-747b-4f1d-a5c4-caf20f9177d3
Anthony Clark,134,"Thriller,Adventure",34,a5f5e834-45ea-41e0-8e06-6b6a7842b0d5
Sarah Anderson,70,"Adventure,Thriller",31,603dc782-8226-4020-91a7-c5c3d639a318
Robert Lewis,90,"Thriller,Horror,Sci-Fi",29,67a93364-bf8e-4844-8ac0-d330042c6bac
Daniel Davis,140,"Adventure,Drama,Romance",56,69ee173e-682f-48d7-8c5d-62516a3c9304
Mark Wilson,169,"Action,Romance,Comedy",53,bf6ec2f5-0867-447e-8869-cbe7ec6d280d
Nancy Lee,138,"Thriller,Romance",49,f91028bd-170e-4c29-aca0-79913f254ab5
Christopher Sanchez,61,"Horror,Action,Mystery",24,dfc5216a-94cb-405b-9559-2d91497f253c
Ashley Martin,76,"Horror,Mystery,Adventure",42,4989ab05-2507-48b0-9ec0-c3106602d0df
Ashley Lopez,82,"Mystery,Sci-Fi",39,f250db10-b5f5-4b29-8eba-f6f57e18fc5c
Jennifer Hernandez,107,"Horror,Drama,Adventure",59,5a583ea5-ae1e-45cf-af4a-2cd6168e30b7
Michael Jones,120,"Mystery,Romance,Drama",37,f33fc3a3-e805-4eae-a03b-3897d15b180f
Daniel Thompson,75,"Horror,Romance,Drama",55,8eee88ca-fca0-4e56-8a7c-898ab21ace3d
Sandra White,96,"Horror,Romance",45,7e731413-a776-4370-a1e2-de057830784c
Linda Taylor,129,"Adventure,Sci-Fi",55,5de675b7-73fd-48a9-81a7-9cab4a9079ba
Betty Lewis,179,"Drama,Fantasy",29,835090fb-e409-4344-92b8-8a14de75b425
Charles Sanchez,153,"Thriller,Action",25,d80bc34f-4d62-4b0f-b3bf-5f4a9df760d4
Sarah Gonzalez,65,"Action,Thriller",45,980bc784-1dcb-4ccd-be39-498bce8f0682
Betty Lee,90,"Romance,Action",58,748624f2-c03a-452c-8d2c-117062cd4bdb
James Lewis,60,"Drama,Adventure,Romance",38,d4505ca8-16cc-4130-b868-e4236e8beb07
Mark Sanchez,148,"Action,Mystery",27,953d44da-a7a6-41c4-946b-e2e97d75866e
Jessica Moore,162,"Sci-Fi,Comedy",64,02c605a5-fdb4-419c-96cb-b6a06fbecaac
Elizabeth Robinson,85,"Mystery,Drama,Horror",36,1cc30d1e-736e-45ab-a438-bdc3ac286e4d
Barbara Jones,158,"Adventure,Sci-Fi",36,393bdc4d-8c41-472e-8a7b-9f14d44864de
Thomas Anderson,66,"Horror,Action,Adventure",45,c62092e4-1e17-46e8-be2e-0ee1c51c306a
Daniel Garcia,177,"Mystery,Fantasy",26,053513d6-5ce5-42f1-b19a-370142956a48
David Thomas,101,"Thriller,Horror,Fantasy",58,2ec7fcbf-9a6b-463f-a829-2e00737f2e9e
Mary Jackson,107,"Action,Sci-Fi,Comedy",44,cf6734eb-1123-4d74-ad91-a18bb329f15a
Joseph Anderson,62,"Action,Horror,Mystery",52,ee6c5276-4481-410c-88c1-ee2f97a6e356
Jessica Rodriguez,169,"Sci-Fi,Romance",33,69c6ca70-a8de-4a46-bc28-cf2ca86b19e0
Nancy Hernandez,163,"Adventure,Mystery",23,ffc033e5-ef62-484a-8452-51a2989a2dbf
Elizabeth Lee,156,"Romance,Mystery",55,4da51df8-a8b5-43a9-a01d-333ef1eb3bbd
Nancy Hernandez,70,"Horror,Romance,Thriller",46,cd0911ef-042e-4fc8-8e13-484363a26dcd
Mary Brown,179,"Fantasy,Romance,Adventure",24,0d54595f-4c17-4cd6-b627-4551779ff7f1
Susan Taylor,110,"Action,Drama,Romance",27,e9bea9a9-4585-4046-9676-b8cbf933a58f
Lisa Garcia,94,"Mystery,Fantasy,Adventure",63,d2b2fa25-6c9d-4553-ab19-1765b195b73e
Richard Davis,169,"Action,Mystery",65,984dcb4c-85dd-4d5a-9844-95085b3a09f9
Elizabeth Brown,79,"Romance,Mystery,Adventure",47,82a02da2-5576-4af1-a8b3-c9a6880c7437
Linda Moore,147,"Horror,Sci-Fi,Drama",23,50eb791a-352d-4591-b523-0bc0087775cf
